,Code du département,Département,Inscrits,Abstentions,Votants,Blancs,Nuls,Exprimés,ARTHAUD,ARTHAUD_% Voix/Exp,ROUSSEL,ROUSSEL_% Voix/Exp,MACRON,MACRON_% Voix/Exp,LASSALLE,LASSALLE_% Voix/Exp,LE PEN,LE PEN_% Voix/Exp,ZEMMOUR,ZEMMOUR_% Voix/Exp,MÉLENCHON,MÉLENCHON_% Voix/Exp,HIDALGO,HIDALGO_% Voix/Exp,JADOT,JADOT_% Voix/Exp,PÉCRESSE,PÉCRESSE_% Voix/Exp,POUTOU,POUTOU_% Voix/Exp,DUPONT-AIGNAN,DUPONT-AIGNAN_% Voix/Exp,left_candidates,right_candidates,center_candidates,color
0,1,Ain,438109,97541,340568,5641,1903,333024,1658,298.52,5938,1096.6,92206,15512.12,10876,2127.45,86755,15638.49,27530,4807.08,57832,9989.16,5644,1036.05,15843,2739.97,17572,3093.11,2172,414.15,8998,1647.54,89087,151731,92206,blue
1,10,Aube,205551,52384,153167,2339,1158,149670,1005,353.28000000000003,3094,1017.6,38321,13103.1,3787,1565.72,49316,19255.65,11374,4184.83,22483,6243.44,1720,524.58,4619,1520.8799999999999,8923,3672.88,1062,379.98,3966,1578.03,33983,77366,38321,blue
2,11,Aude,279927,62972,216955,2962,1567,212426,1026,269.88,5622,1622.42,43104,11133.92,12382,4372.66,64027,15620.4,18434,4649.66,42039,13060.93,6166,1984.94,6322,1954.0,7350,2041.31,1748,565.76,4206,1324.41,62923,106399,43104,blue
3,12,Aveyron,219468,43833,175635,3079,1654,170902,894,237.89000000000001,4515,1145.38,47430,11790.95,14825,4310.34,34357,8837.31,10112,2612.2599999999998,32734,8200.98,4470,1075.77,6746,1629.59,9988,2674.34,1354,361.43,3477,923.54,50713,72759,47430,blue
4,13,Bouches-du-Rhône,1411184,383816,1027368,13341,5407,1008620,3578,497.43,24295,3370.7,229038,31121.84,24256,3321.3,264753,36521.82,108617,14777.04,237971,33760.83,11760,1607.27,42109,5672.66,36229,4873.0,5963,826.44,20051,2749.57,325676,453906,229038,blue
5,14,Calvados,512148,117799,394349,5547,2571,386231,2757,651.39,8777,1986.66,120366,27698.76,9816,2698.53,91774,24130.57,22255,5638.96,73950,16096.66,6848,1479.91,19621,4275.6,18383,4522.61,3764,955.43,7920,2064.78,115717,150148,120366,blue
6,15,Cantal,115745,25019,90726,1803,821,88102,555,175.81,2496,748.3,25038,7879.37,6848,2767.05,21570,7269.59,4906,1639.55,12944,3958.88,1810,528.01,2751,790.62,6987,2775.38,650,207.02,1547,560.45,21206,41858,25038,blue
7,16,Charente,257608,59909,197699,3293,1740,192666,1319,356.57,5374,1435.41,53126,13599.61,8482,2603.5,50432,13954.17,10617,2836.34,37305,9398.41,4003,1003.79,7557,1822.1,8343,2269.51,1763,490.79,4345,1229.86,57321,82219,53126,blue
8,17,Charente-Maritime,519202,116437,402765,5918,2780,394067,2330,490.95,10002,2002.25,113753,21578.93,14335,3138.73,99790,21118.85,24347,4699.82,71633,13802.45,6857,1386.08,19012,3384.54,19316,3780.88,3403,706.39,9289,1910.44,113237,167077,113753,blue
9,18,Cher,224570,59808,164762,3146,1083,160533,1304,352.99,5749,1505.38,43497,11451.21,5495,1627.04,44772,12606.55,10822,3040.72,27901,7329.71,2585,634.96,5028,1301.47,8147,2386.85,1463,421.39,3770,1041.87,44030,73006,43497,blue
10,19,Corrèze,185032,38430,146602,2517,1485,142600,885,238.45000000000002,6292,1876.48,33125,8307.82,10177,3092.79,31658,8259.19,8012,2169.64,27731,7593.04,3605,958.7,5040,1334.02,12278,3494.46,1179,348.75,2618,726.97,44732,64743,33125,blue
11,2,Aisne,373544,101089,272455,3767,2828,265860,2038,717.73,5968,2018.77,58721,21196.21,6468,2729.4,104342,38869.73,18266,7089.64,41172,13291.37,2983,1002.27,7074,2543.25,10920,4664.26,2118,764.02,5790,2213.35,61353,145786,58721,blue
12,21,Côte-d'Or,366859,77886,288973,4577,1651,282745,1775,619.63,5721,1907.48,80734,24065.3,8183,3509.93,69110,24740.53,21651,7244.82,53875,15246.99,5126,1527.43,13462,3781.82,14344,4919.57,2286,794.84,6478,2441.8,82245,119766,80734,blue
13,22,Côtes-d'Armor,471752,96597,375155,5722,3040,366393,2603,489.29,11628,2073.0,113656,19718.63,11949,2301.48,79850,14660.59,17319,3040.48,74226,13433.44,8279,1489.31,19349,3304.57,17235,3081.15,3895,748.98,6404,1158.8,119980,132757,113656,blue
14,23,Creuse,90946,21967,68979,1388,743,66848,490,202.14000000000001,2430,992.47,15542,6098.35,4275,2064.65,16772,6961.19,3501,1482.93,13679,5690.05,1641,594.18,1906,774.26,4391,1973.26,665,298.97,1556,667.6,20811,30495,15542,blue
15,24,Dordogne,318168,64856,253312,3636,3120,246556,1294,368.73,8855,2419.88,58532,15879.77,15850,5049.13,63327,17554.45,15800,4320.85,50054,13902.38,5362,1497.92,8563,2382.59,11280,3254.08,2223,652.1899999999999,5416,1517.99,76351,111673,58532,blue
16,25,Doubs,368379,84117,284262,4989,2176,277097,2069,549.82,5001,1338.6,76338,19950.34,8688,3122.06,66703,19868.95,19486,5384.01,55587,13152.85,4902,1250.27,13096,3332.08,15107,4590.0,2345,675.46,7775,2485.4,83000,117759,76338,blue
17,26,Drôme,382188,84289,297899,4577,1898,291424,2041,395.11,6752,1498.52,72228,14063.75,9945,2487.56,70574,13385.69,22010,4312.04,65258,14470.29,5311,1106.52,14234,3026.32,13204,2656.99,2109,526.19,7758,1571.31,95705,123491,72228,blue
18,27,Eure,432198,106463,325735,5085,1789,318861,2197,542.79,7056,1683.41,83058,20667.27,7768,2076.34,102952,27030.7,20930,5483.75,55571,12894.72,4027,937.62,11477,2772.22,13552,3677.5099999999998,2710,695.71,7563,2037.9,83038,152765,83058,blue
19,28,Eure-et-Loir,303888,78960,224928,3489,1418,220021,1419,351.96,4267,1038.49,59869,14621.59,5694,1560.31,61960,16640.1,14803,3911.74,40529,9162.62,3076,707.63,7904,1858.83,13003,3600.6,1766,459.84,5731,1486.11,58961,101191,59869,blue
20,29,Finistère,709701,154870,554831,8692,3220,542919,3627,558.6,15340,2374.97,174894,26437.64,18320,2867.4,100890,15528.52,25607,3886.89,116591,18209.79,13077,2005.49,33200,5032.87,26541,4007.81,6266,975.67,8566,1313.9,188101,179924,174894,red
21,2A,Corse-du-Sud,113918,42366,71552,1130,1561,68861,197,71.66,1850,668.7,12932,4037.87,6729,2687.08,20139,5973.95,9199,2859.87,9330,2802.39,624,216.96,2266,727.9,3772,1263.0,608,222.79,1215,368.09,14875,41054,12932,blue
22,2B,Haute-Corse,129114,48263,80851,1463,877,78511,257,110.67999999999999,2687,1270.22,13773,6069.47,8601,4541.77,21998,7552.51,9657,3744.62,10368,4439.86,959,395.63,2520,1210.29,5555,2261.65,762,352.29,1374,551.28,17553,47185,13773,blue
23,3,Allier,249991,58497,191494,3749,1790,185955,1359,330.27,8119,2064.14,49706,11617.2,7782,2144.36,50315,12511.26,12361,3052.2400000000002,31013,7329.26,3280,749.67,5982,1373.3,10319,2580.38,1503,386.21,4216,1062.41,51256,84993,49706,blue
24,30,Gard,555038,132723,422315,5840,2496,413979,1768,342.57,12123,2351.9,88278,14839.28,15162,2950.56,121480,20401.26,38479,6301.02,88827,16066.53,6585,1211.9,14974,2651.2400000000002,15460,2560.92,2706,515.64,8137,1406.66,126983,198718,88278,blue
25,31,Haute-Garonne,930321,183366,746955,10129,5847,730979,3006,586.59,16307,3089.34,196712,33981.63,35479,8737.16,133254,25728.43,50613,9091.2,188867,33094.17,19658,3904.4,42599,7089.79,27153,4853.52,4888,927.63,12443,2415.86,275325,258942,196712,red
26,32,Gers,147278,28267,119011,1762,850,116399,529,237.23,3128,1408.75,28970,12199.3,11720,5924.81,26015,11366.43,8396,3614.22,21353,8951.37,3861,1594.9,4090,1688.9,5126,2407.81,793,346.63,2418,1159.57,33754,53675,28970,blue
27,33,Gironde,1158548,249014,909534,12367,5147,892020,3679,609.5,21522,3390.4,256179,38729.93,37725,6666.96,191542,32269.93,58321,9206.19,194775,30058.69,19598,3052.36,46677,6777.7,37575,5852.03,8734,1370.83,15693,2515.7599999999998,294985,340856,256179,blue
28,34,Hérault,847365,195766,651599,8867,4004,638728,2580,395.86,14165,2140.9,142306,20428.42,22068,3699.26,165734,24343.76,57751,8397.24,154819,22992.15,12150,1963.74,28057,4112.96,23230,3415.45,4393,681.64,11475,1729.19,216164,280258,142306,blue
29,35,Ille-et-Vilaine,771636,161427,610209,9511,3866,596832,3783,594.99,12696,1945.91,205882,31134.05,13985,2243.95,101797,16446.42,27463,4173.13,132510,19503.33,13973,2054.79,42613,6188.97,26194,4016.58,5376,827.12,10560,1670.7,210951,179999,205882,red
30,36,Indre,166100,41406,124694,2451,1246,120997,1085,305.23,3702,986.2,31498,8138.34,4984,1529.35,34516,9513.67,7438,2134.6,20954,5404.41,2464,620.48,3726,925.64,6589,1890.0,1155,327.24,2886,824.99,33086,56413,31498,blue
31,37,Indre-et-Loire,440502,105536,334966,5437,2039,327490,2243,397.34,7835,1353.56,101503,16950.71,8520,1565.8,70553,12874.11,19931,3423.94,68012,11302.6,6216,1007.46,16245,2682.74,16279,2733.84,2882,520.93,7271,1286.82,103433,122554,101503,blue
32,38,Isère,885440,198676,686764,10990,3478,672296,3479,573.21,14694,2380.49,180533,28070.54,17025,2950.96,154799,24950.75,47450,7457.21,153474,24569.24,12736,2023.75,40378,6270.98,28575,4573.43,4826,815.95,14327,2363.57,229587,262176,180533,blue
33,39,Jura,190597,41634,148963,2625,1111,145227,1053,396.81,3166,1204.1299999999999,36139,13540.74,6218,2920.48,38179,15013.14,9657,3654.53,28882,10544.13,2635,950.81,6388,2445.79,7424,3122.59,1343,521.69,4143,1785.61,43467,65621,36139,blue
34,4,Alpes-de-Haute-Provence,128075,29290,98785,1478,624,96683,505,136.86,2721,758.26,20800,5443.32,4309,1513.41,26010,6739.44,7926,2120.43,21856,6067.49,1396,364.05,3957,1072.61,3834,1035.51,865,259.44,2504,689.1,31300,44583,20800,blue
35,40,Landes,329337,65654,263683,4033,1600,258050,1115,218.44,8176,1689.11,69459,13444.65,24308,5395.55,58646,11948.91,16817,3251.65,44548,8642.67,9071,1936.07,8628,1556.36,10393,2046.66,1975,406.37,4914,963.26,73513,115078,69459,blue
36,41,Loir-et-Cher,244718,59350,185368,3181,1377,180810,1246,318.89,4507,960.94,50480,10648.48,5483,1233.46,50212,11290.19,12703,2783.24,30377,6264.81,3165,621.37,7097,1456.16,9586,2182.43,1527,345.03,4427,994.73,47919,82411,50480,blue
37,42,Loire,513794,118592,395202,6664,2600,385938,2390,429.48,9017,1575.09,104003,17618.36,11928,2275.17,97764,17170.44,28706,4943.16,78169,13584.91,6970,1197.68,16656,2872.43,18539,3224.33,2767,493.27,9029,1615.64,115969,165966,104003,blue
38,43,Haute-Loire,180706,37000,143706,2837,1214,139655,1020,235.09,3493,837.06,32417,7175.75,7817,2290.29,38629,8728.45,9529,2109.72,24332,5718.19,2491,520.58,5796,1239.58,9560,2455.93,1205,281.83,3366,807.36,38337,68901,32417,blue
39,44,Loire-Atlantique,1056693,236339,820354,13373,4559,802422,4712,657.38,18322,2543.43,256609,35258.31,18298,2538.34,135702,18854.0,42761,5882.61,187977,26214.88,18369,2536.24,60072,8231.37,37541,5130.19,7280,1012.31,14779,2041.02,296732,249081,256609,red
40,45,Loiret,457550,114468,343082,5512,2148,335422,1959,394.59,7530,1469.72,97004,18513.46,8483,1780.99,85832,18337.35,22878,4669.7,63486,11830.4,5656,1007.1,14401,2575.58,18086,3727.97,2433,483.86,7674,1609.41,95465,142953,97004,blue
41,46,Lot,139278,27164,112114,1767,957,109390,618,214.67,3559,1212.3,27311,9366.57,8032,3134.74,21422,7270.25,6123,2038.62,25932,9123.22,2766,915.17,4603,1554.31,5648,2053.1,976,358.07,2400,859.13,38454,43625,27311,blue
42,47,Lot-et-Garonne,241304,52907,188397,2793,1502,184102,889,222.08,4970,1196.18,42568,10054.1,13600,3728.75,50290,12428.62,15646,3802.76,34044,8011.88,3357,786.83,5686,1341.47,7703,1941.86,1437,366.04,3912,1019.35,50383,91151,42568,blue
43,48,Lozère,59812,11680,48132,741,395,46996,235,98.6,1343,543.57,10739,4027.35,4722,2210.59,10497,4241.67,3148,1265.17,9153,3613.81,1045,360.9,1736,625.6,3039,1239.85,426,174.51,913,398.39,13938,22319,10739,blue
44,49,Maine-et-Loire,589263,136866,452397,8072,2983,441342,3071,488.12,8362,1306.85,157063,24139.08,11036,1819.78,89433,14975.79,21704,3427.55,80616,12386.73,8801,1328.7,26635,4016.08,21538,3403.2,3663,594.63,9420,1513.31,131148,153131,157063,white
45,5,Hautes-Alpes,113519,25357,88162,1395,532,86235,428,124.15,1925,500.61,20507,4706.83,3871,1096.24,19696,4574.15,6164,1421.98,19718,4954.46,1459,325.65,5013,1141.42,4511,1036.93,801,189.98,2142,527.47,29344,36384,20507,blue
46,50,Manche,384613,93460,291153,4747,1948,284458,2249,591.79,7368,1737.19,92642,22585.78,9421,2687.38,69770,19113.33,13990,3651.16,46940,11240.97,5853,1335.59,11873,2788.7,14746,3878.59,2720,689.58,6886,1799.75,77003,114813,92642,blue
47,51,Marne,380644,101010,279634,3826,1702,274106,1778,515.21,5307,1482.56,78472,23322.75,6921,2736.4,83756,27775.48,19501,6049.68,42858,10585.97,3542,924.46,9561,2511.63,14357,5271.54,1894,572.22,6159,2151.85,64940,130694,78472,blue
48,52,Haute-Marne,129389,33273,96116,1489,819,93808,696,419.94,1833,1031.0,21886,12787.38,3327,2446.89,34331,20869.84,6450,3840.96,13228,6797.56,1305,787.56,2580,1442.48,4841,3513.08,747,427.88,2584,1836.05,20389,51533,21886,blue
49,53,Mayenne,224722,52812,171910,3483,1519,166908,1273,267.63,3313,674.03,60755,12429.28,4673,1098.6,37376,8665.54,8042,1759.58,25608,5254.19,3468,667.62,7934,1584.0,9236,2034.25,1372,296.9,3858,868.46,42968,63185,60755,blue
50,54,Meurthe-et-Moselle,492057,130919,361138,5092,2246,353800,2373,684.03,7961,2049.11,95252,23973.89,8739,2872.27,97243,28549.95,23518,6244.02,73892,17146.84,6362,1562.8,14588,3493.51,13387,3900.44,3214,883.9,7271,2139.51,108390,150158,95252,blue
51,55,Meuse,134805,34092,100713,1509,691,98513,702,410.73,1957,1067.89,24539,14003.3,3500,2565.26,34588,20719.3,7347,4229.48,13559,7135.47,1483,761.05,3130,1707.28,4403,2905.91,883,492.18,2422,1601.97,21714,52260,24539,blue
52,56,Morbihan,608972,130520,478452,7959,3119,467374,2952,453.6,11529,1712.69,152740,22352.34,14399,2197.32,102856,15593.66,26595,3902.68,84200,12659.25,8267,1223.18,27036,3883.7,22838,3321.22,4376,662.48,9586,1437.49,138360,176274,152740,blue
53,57,Moselle,745914,210299,535615,7943,3353,524319,3499,894.97,8750,2057.01,136366,32423.39,14163,3986.42,159254,41052.19,39369,9564.47,100159,22455.98,7534,1762.37,18931,4384.74,19300,4905.62,4343,1063.14,12651,3450.05,143216,244737,136366,blue
54,58,Nièvre,154186,38850,115336,1957,938,112441,833,272.27,4281,1321.93,28686,9287.84,4106,1628.86,32838,11070.1,7378,2611.94,19930,6354.31,2160,648.29,3552,1133.17,5172,1995.36,1010,377.55,2495,898.39,31766,51989,28686,blue
55,59,Nord,1813906,514033,1299873,17416,7676,1274781,7673,1232.45,45902,7275.34,336138,51335.01,22459,3708.37,373127,60869.78,73168,11560.34,279785,43245.02,18215,2776.24,46962,6914.89,42470,6637.31,8265,1297.27,20617,3349.05,406802,531841,336138,blue
56,6,Alpes-Maritimes,778582,208250,570332,7550,4007,558775,1627,297.95,8858,1660.76,139707,23835.87,12767,2480.25,148919,26351.23,78208,13555.01,92345,16372.42,5414,947.3,23374,3994.78,31260,5502.69,2989,557.47,13307,2344.23,134607,284461,139707,blue
57,60,Oise,564121,142081,422040,6324,4002,411714,2859,666.65,9054,1994.68,100043,22001.14,9179,2302.32,132873,32595.43,30333,6903.82,79446,15936.05,4251,912.33,13785,2907.94,17450,4192.93,3048,729.23,9393,2257.39,112443,199228,100043,blue
58,61,Orne,205538,50935,154603,2586,1067,150950,1203,391.07,3261,1089.03,46005,15645.46,4895,2000.66,41804,15011.19,8910,3499.0099999999998,22993,7556.17,2368,728.08,5513,1900.45,8838,3237.45,1334,493.4,3826,1448.34,36672,68273,46005,blue
59,62,Pas-de-Calais,1093723,286319,807404,10601,6150,790653,5887,1264.58,26146,5038.78,194610,41078.03,17010,3929.1,305816,62612.55,40764,8716.3,124741,24180.61,11619,2367.18,19295,3835.5,25307,6212.51,5488,1130.68,13970,3034.16,193176,402867,194610,blue
60,63,Puy-de-Dôme,468103,100869,367234,6938,2709,357587,2556,560.12,12713,2841.3,100134,19458.04,16136,4182.24,78182,17023.99,20624,4226.35,74534,14858.94,8216,1675.09,17029,3241.23,17352,3785.92,3189,691.29,6922,1555.75,118237,139216,100134,blue
61,64,Pyrénées-Atlantiques,519929,110134,409795,5816,2489,401490,1677,387.72,10170,2282.92,111610,22875.49,48246,13398.2,69768,15678.07,25877,5233.63,76030,15947.72,9276,2010.39,19967,3843.65,17166,3689.28,4982,1161.93,6721,1490.76,122102,167778,111610,blue
62,65,Hautes-Pyrénées,177443,39595,137848,2064,896,134888,636,269.52,4539,1859.58,33692,13166.01,14761,7868.55,29938,11835.47,8714,3152.58,26449,10864.67,3315,1497.23,4872,1990.95,4560,1848.91,1003,487.98,2409,1058.2,40814,60382,33692,blue
63,66,Pyrénées-Orientales,362076,87704,274372,3528,2276,268568,1312,256.03000000000003,6509,1335.77,55169,9574.63,11690,2499.36,87930,14581.69,24782,4101.14,51556,10182.03,5013,967.51,8588,1617.48,8815,1508.9,1995,424.94,5209,950.45,74973,138426,55169,blue
64,67,Bas-Rhin,778712,190224,588488,8335,3434,576719,3687,676.58,7015,1209.96,177069,30077.87,14652,2753.12,145883,26912.57,40458,7091.13,105055,17008.15,8348,1423.38,28573,4805.38,24812,4429.99,4158,736.62,17009,3175.26,156836,242814,177069,blue
65,68,Haut-Rhin,531738,137861,393877,6382,2386,385109,2265,413.28,4649,813.87,107248,18866.67,11063,2037.73,106937,19169.53,30284,5420.65,66238,11868.09,4881,849.58,18963,3336.68,15994,2836.36,2842,515.34,13745,2572.44,99838,178023,107248,blue
66,69,Rhône,1181226,255580,925646,12708,3925,909013,3774,564.66,15938,2343.22,278243,39501.51,17572,2666.72,150463,22825.39,74168,10613.61,229036,33268.43,15895,2259.54,51907,7234.84,50263,7161.64,5267,775.3100000000001,16487,2484.87,321817,308953,278243,red
67,7,Ardèche,255859,54114,201745,3311,1459,196975,1219,280.71,5710,1320.24,45353,9609.85,9033,2328.1,49594,10418.89,14199,3074.8,42837,10181.61,4189,935.22,8544,1916.61,9553,2210.1,1817,432.27,4927,1092.16,64316,87306,45353,blue
68,70,Haute-Saône,177715,39039,138676,2364,1573,134739,1171,536.5,2836,1238.87,30204,13344.93,4820,2488.8,46618,21813.74,9675,4389.6,21089,8826.94,2345,1034.06,4292,1919.84,6754,3380.3,1295,619.7,3640,1806.33,33028,71507,30204,blue
69,71,Saône-et-Loire,402992,95369,307623,5923,2400,299300,1979,524.0,7419,1828.11,82633,20153.07,10186,2945.17,81970,20567.33,20686,5248.35,52336,12802.93,6037,1459.26,10730,2765.84,15210,4087.96,2369,610.66,7745,2107.39,80870,135797,82633,blue
70,72,Sarthe,411308,105454,305854,6694,2098,297062,2150,433.45,6908,1397.94,83876,16491.64,7546,1686.06,82234,17717.23,16218,3397.7,54244,10588.55,5409,1034.86,13541,2592.63,15937,3326.7,2505,535.59,6494,1397.75,84757,128429,83876,blue
71,73,Savoie,320709,68929,251780,3931,1491,246358,1205,243.95,5536,1154.23,64689,12149.51,8081,1746.6,56733,11335.26,18045,3427.59,49858,9557.45,4418,846.54,15642,2963.07,13608,2648.45,1849,391.31,6694,1335.63,78508,103161,64689,blue
72,74,Haute-Savoie,565665,129384,436281,6918,2224,427139,1880,287.98,5997,916.73,130422,19351.61,13371,2100.64,87744,13438.13,33353,4983.57,78062,11864.72,6606,985.22,29948,4457.43,22349,3336.3,3232,497.3,14175,2180.26,125725,170992,130422,blue
73,75,Paris,1368025,296668,1071357,11028,5267,1055062,2891,244.7,17267,1468.77,372820,31854.33,12139,1032.83,58429,4940.03,86088,7444.08,317372,26904.55,22901,1939.82,80268,6778.6,69564,5989.21,5732,479.88,9591,823.42,446431,235811,372820,red
74,76,Seine-Maritime,879252,222147,657105,10982,3158,642965,4433,963.48,19896,3978.26,179698,36453.15,13588,3076.42,177806,40506.73,33361,7032.43,136136,26593.59,11139,2211.14,24785,4729.01,24281,5221.55,5477,1168.94,12365,2765.66,201866,261401,179698,blue
75,77,Seine-et-Marne,899303,223172,676131,11057,4145,660929,3440,577.35,12843,2117.41,165208,26438.66,13797,2408.9,155738,27952.01,47893,8209.38,170969,26810.8,7853,1234.67,26718,4223.84,36828,6574.58,4600,789.55,15042,2562.38,226423,269298,165208,blue
76,78,Yvelines,961245,211708,749537,9601,3430,736506,2774,395.88,11721,1632.4,246062,32923.1,13687,1919.73,101398,14837.56,64407,8492.3,168585,23388.26,9046,1214.83,40470,5356.12,61296,8018.99,3963,569.86,13097,1850.86,236559,253885,246062,blue
77,79,Deux-Sèvres,273214,59403,213811,3839,2168,207804,1644,385.39,4538,1017.6,68446,14912.11,7014,1787.42,47903,11645.07,8803,1994.22,39120,8578.13,4340,907.23,10074,2085.18,9257,2279.23,2134,523.63,4531,1084.95,61850,77508,68446,blue
78,8,Ardennes,186197,49368,136829,1909,984,133936,1081,448.19,3009,1116.76,31656,13407.45,4084,2213.19,48242,20651.57,8771,3847.59,22281,7442.43,1741,657.43,3446,1323.43,5556,2891.32,1112,447.48,2957,1452.86,32670,69610,31656,blue
79,80,Somme,410056,102687,307369,4837,3614,298918,2486,852.15,7706,2337.03,83107,26189.24,7371,2815.07,98024,34911.78,16885,5800.12,52343,14292.02,3746,1144.96,8048,2245.56,11380,4179.03,2206,764.79,5616,2067.65,76535,139276,83107,blue
80,81,Tarn,298178,62818,235360,3451,2067,229842,1175,248.28,5313,1098.34,53925,11082.55,17010,4175.81,56543,11920.84,15982,3356.91,48430,10436.88,5818,1215.16,8680,1798.79,10014,2200.35,1829,427.12,5123,1139.15,71245,104672,53925,blue
81,82,Tarn-et-Garonne,188706,39625,149081,2169,1092,145820,679,128.35,3628,773.34,31737,6280.23,9573,2260.71,42183,8409.65,11772,2375.68,27881,5478.18,3069,601.01,4835,922.63,5994,1322.5,1057,220.79,3412,726.88,41149,72934,31737,blue
82,83,Var,820904,211212,609692,7803,3159,598730,2098,326.18,10672,1673.99,142335,21876.62,17784,2840.15,183287,28088.48,79329,12156.64,89272,14200.57,5703,874.21,21044,3239.51,28342,4305.65,3578,560.77,15286,2357.1,132367,324028,142335,blue
83,84,Vaucluse,411607,101650,309957,4350,1742,303865,1221,206.69,6247,1025.83,66885,11156.95,9843,1697.89,89413,14566.11,30473,5055.85,63049,10822.45,3769,624.02,12128,2075.93,11918,1987.5,2023,339.75,6896,1140.82,88437,148543,66885,blue
84,85,Vendée,550963,120547,430416,7312,3395,419709,2647,388.54,8153,1203.5,149587,21575.29,13039,1998.14,97280,14612.43,25663,3759.93,60524,8921.29,7244,1057.74,19753,2830.63,22534,3268.84,3621,550.26,9664,1433.41,101942,168180,149587,blue
85,86,Vienne,306011,68304,237707,4053,2002,231652,1715,345.88,6412,1276.29,67831,12789.52,7741,1705.56,54214,11604.53,11939,2392.0,49162,9150.01,4542,826.32,10727,1890.1299999999999,9959,1998.09,2315,465.09,5095,1056.83,74873,88948,67831,blue
86,87,Haute-Vienne,263742,55484,208258,3787,2353,202118,1457,280.27,8030,1538.97,54951,9886.16,9973,2073.81,45357,8755.9,10796,1969.82,43137,8063.6,5654,1024.86,7877,1353.82,9544,1784.76,1787,354.43,3555,713.48,67942,79225,54951,blue
87,88,Vosges,277913,68914,208999,3431,1874,203694,1569,524.35,3847,1209.54,51432,15740.83,7203,2674.59,65646,22380.85,13184,4203.95,32655,9415.52,3114,904.7,7562,2246.69,9344,3270.1,1986,620.0,6152,2209.43,50733,101529,51432,blue
88,89,Yonne,237957,57549,180408,2715,1182,176511,1203,421.23,4023,1472.72,42617,13868.4,5356,1923.29,55164,18194.69,12941,4266.64,31601,9566.85,2286,729.44,5917,1891.52,9322,3197.92,1487,465.12,4594,1601.6,46517,87377,42617,blue
89,9,Ariège,119039,25028,94011,1532,775,91704,417,168.26,2701,1119.03,18071,6840.81,7532,3529.64,21958,8415.85,5821,2238.2,23908,10599.61,3208,1356.31,3020,1419.92,2724,1091.62,723,336.81,1621,683.91,33977,39656,18071,blue
90,90,Territoire de Belfort,93724,22238,71486,1242,590,69654,560,126.66,1485,322.85,16768,3564.42,2000,474.55,19061,4382.0199999999995,5583,1216.53,14601,2908.57,1052,230.23,2798,610.85,3322,710.73,603,139.38,1821,413.11,21099,31787,16768,blue
91,91,Essonne,799500,192200,607300,8954,3405,594941,2831,429.5,13480,2027.15,164503,24060.59,11610,1760.29,105862,16198.12,39284,5886.65,167310,25238.47,7944,1167.52,29562,4288.37,33046,5003.17,4306,653.69,15203,2286.91,225433,205005,164503,red
92,92,Hauts-de-Seine,997667,208790,788877,11841,2294,774742,2306,318.41,13170,1792.85,287494,37417.55,11260,1498.64,64812,8782.68,62761,8179.8,199640,27333.43,10518,1392.79,47103,6139.79,62231,8047.26,3704,502.34,9743,1294.31,276441,210807,287494,white
93,93,Seine-Saint-Denis,793929,239927,554002,7607,3244,543151,2756,410.24,11642,1724.73,110118,16506.72,6805,1034.64,64543,9978.87,27969,4216.94,266632,40509.44,5890,858.28,19352,2712.51,17481,2650.51,3663,540.61,6300,956.14,309935,123098,110118,red
94,94,Val-de-Marne,796086,195409,600677,8501,3118,589058,2504,351.19,14954,2108.01,171409,22818.6,8944,1212.99,69599,9666.55,43430,5754.35,192427,27218.87,8276,1112.11,31904,4191.3,32522,4269.43,3730,517.88,9359,1278.72,253795,163854,171409,red
95,95,Val-d'Oise,733529,192853,540676,8027,3064,529585,2392,369.59,10060,1521.23,138166,20898.71,9101,1411.34,91081,14324.54,37564,5836.68,175666,26597.9,6094,913.65,20710,3121.45,26403,4078.8,3352,528.87,8996,1397.31,218274,173145,138166,red
96,ZA,Guadeloupe,316023,174592,141431,2719,3627,135085,1084,353.83,668,204.46,18137,5566.98,1033,314.79,24204,7672.02,3098,866.34,75862,23722.66,2266,700.77,1927,541.48,3979,1195.35,713,217.2,2114,644.29,82520,34428,18137,red
97,ZB,Martinique,304594,174588,130006,4001,3056,122949,1447,406.43,747,203.23,20043,5346.3,1162,307.39,16495,4629.11,3153,780.1,65292,17700.16,3935,1020.74,1978,489.79,4731,1267.11,977,261.67,2989,787.67,74376,28530,20043,red
98,ZC,Guyane,102993,65754,37239,825,553,35861,297,136.92000000000002,246,90.43,5101,1942.62,516,181.60999999999999,6334,2311.88,1573,529.23,18143,6840.63,535,179.46,940,307.4,997,337.46999999999997,462,179.78,717,262.34,20623,10137,5101,red
99,ZD,La Réunion,675539,313159,362380,7361,8253,346766,3538,975.52,3074,832.15,62542,16376.98,4844,1268.46,85770,23236.86,13070,3409.99,139604,37938.48,5549,1462.11,7994,2038.1,9738,2528.59,2705,732.9,8338,2199.72,162464,121760,62542,red
100,ZM,Mayotte,92187,55024,37163,922,1191,35050,430,236.17,206,105.83,5936,2932.77,359,185.15,14958,7975.67,482,225.56,8398,4246.02,318,169.37,295,148.26,2810,1519.0,328,179.0,530,277.19,9975,19139,5936,blue
101,ZN,Nouvelle-Calédonie,218773,145807,72966,1777,689,70500,565,362.31,399,182.72,28561,9231.53,1031,354.18,13273,3892.52,6435,1750.23,9711,9608.4,963,625.3100000000001,2161,625.1,4144,1618.06,560,380.84000000000003,2697,868.8,14359,27580,28561,white
102,ZP,Polynésie française,205576,142121,63455,1490,1935,60030,808,350.73,368,141.55,24106,10496.91,610,195.78,11705,4809.77,4283,1563.91,7990,2980.28,865,315.5,2150,719.45,4725,1976.01,451,191.26,1969,759.0,12632,23292,24106,white
103,ZS,Saint-Pierre-et-Miquelon,5045,2272,2773,47,25,2701,22,2.9499999999999997,19,2.92,534,78.45,108,16.08,459,74.9,80,10.19,1105,158.18,75,12.299999999999999,116,16.69,51,7.74,50,6.77,82,12.82,1387,780,534,red
104,ZW,Wallis et Futuna,9528,4125,5403,27,17,5359,98,1.83,34,0.63,2115,39.47,78,1.46,579,10.8,118,2.2,501,9.35,118,2.2,72,1.34,1354,25.27,48,0.9,244,4.55,871,2373,2115,blue
105,ZX,Saint-Martin/Saint-Barthélemy,24414,15812,8602,150,84,8368,41,13.26,48,14.200000000000001,2070,604.8100000000001,208,56.0,1445,392.7,1107,298.41,2354,731.38,92,25.52,247,62.54,354,95.86,63,16.53,339,88.78,2845,3453,2070,blue
106,ZZ,Français établis hors de France,1435746,931455,504291,3193,2147,498951,1300,54.3,3266,166.75,224957,8641.41,5964,296.09,26380,1236.26,43252,2267.2200000000003,109394,4844.53,12489,458.95,40774,1427.6,20956,980.22,3145,132.66,7074,293.84,170368,103626,224957,white
